<Blog>

<date>11,June,2004</date>
<post>


       
      wha dont know what happen to me today keep on sneezing since morning haha...... can die sia maybe it is the air or is it my nose :S~~~ not sure anyway i keep on sneezing until my eyes so damn red sia and then cry dammit.... then later kana scolded by my mother :P diao wat a suai day today lol
     

    
</post>

<date>09,June,2004</date>
<post>


       
      man cannot stand it today... i use the computer for like 24hours and like still nothing to do...... today dont know why dont feel like chatting with ppl followed by playing games.... i even played my favourite internet online game 'PRISTONTALE' also so sianz.... aiya anyway today is a very sianz day for me lor -_-...  haiz dont know what to tell my father today cause i have not even done any of my revision yet haha looks like i must tell another lie lor eh hope my brother dont see this...... arrrr boring like shit i just can feel that something is missing in my life and i dont know what is it dammit....  WHAT IN THE FUC**** HELL IS MISSING IN MY LIFE DAMMIT!!!! ~!@#$%^&*(
     

    
</post>

<date>07,June,2004</date>
<post>


       
      muahahah today went to school at around 9:30 then wanted to do my maths.... in the end nv even do one sum... got one question really borders me sia and i am really gonna solve it no matter what one day.... when i saw taht the blogspot can have the amount of words type right haha i want to type a lot a lot so that i can reach about lets say hmmmmm one million... see i can drag sia haha.... i am trying to figure out how the hell to change the font and everything but just cannot figure it out haha who ask me not to study a bit of computer stuff :P..... anyway as i was saying this june holiday is gonna suc real bad..... when i was in sec 1 and 2 i did not worry so much as i slack all day and stuff but this year dont know why keep on worrying about my final year result going to be how..... very sianz leh keep on thinking about it.... what to do SEC3 what!!!! dammit la.... hmmm i talk to much dont know waht type of title to put so just put a happy face down there lor hehe......
     

    
</post>

<date>07,June,2004</date>
<post>


       
      hehe i have been playing this online game like 2 years i think :S well not sure lor but whatever.... anyway man this game a bit hard sia i play for two years still only level 42 haha i very hopeless case hor :P..... man how to get use to this blogspot my webbie is always so bloody plain... o yeah i was taking about pristontale right haha sorry about that... hmmm now is am having scale armor with shield sword and scutum shield.... man and got someother character still have higher defend!!!! and that suc ok.. even with the inrease defend i use still lower then them....... u guys understand what i talking about or maybe forget about it haha... thz for listening to me though :P
     

    
</post>

<date>07,June,2004</date>
<post>


       
      today very sianz dont know what to do sia haha..... just created a new blogspot and i think taht i am a newbie dont even know waht to do about it :P..... yes and i am trying real hard tp do it right now!!! arhhh....
     

    
</post>


</Blog>