<Blog>

<date>23,August,2004</date>
<post>

	 
       TodaY waLk To sKooL witH mel Coz neEd tO paSs somEthing to my grandma..HmmM heng ar didn late for sch not will got detention..Arg stupid sch haha...TodaY geT bacK my SociaL studiEs test thought i would fail coz the SB question so so so hard.ManI ppL faIl and the besT result Is 6/10...OMg tis duN loOk lK my ClaSs..My claSs studenTs were aLl so brainy ya except 4 mi..Haha..wHen teacheR call up my Name my heart can't stop beating..PheW!!! paSS!! juZ make it onli 5/10...PheW! but dissapointed to see it..Haha...TodaY miSs PE lesSon ArG!!!! All's TeachEr fault meeting tiLl  so late..AiyA!! DurIng RecESs toDay SomeThing Unpleasant HappEn *saDz* Ah fen quarrel wiTh daNiel!!! ThE stoRy GoeS lK taT ===> we found a seat and it is located infront of daniel table..When jing fen cum frm afar i can tell she lk somehow in a bad mood and so when she walk she i tink accidentely kick Till the bench..and tat is when daniel was eating..Aiyo Daniel scold her bad word...Then jin feng juz keep quiet and face black black..Later ah fen and mei go buy drinks..i ask daniel y so fierce..he say tat ppl eating then kick until ppl's bench and sisn say sorry...Haiz..When fen cum back she shout and say not purposely 1 rite..when daniel finsh eating he stand there and diao her..so they start shouting at each other...OmG!! boTh my freN dunNo how HelP alsO..Xue Mei ar..SorrY woR thInk todaY he Bad MooD so U noE abIt FierCe..YA hoPe u aLl wiLl Not TakE it To heaRt..I alreadI told HIm and asK him Nt to Do iT anyMore LIao..=) HmMmm dun angry kieZ... PheW!!! *cold-sweat* PheW!!... AftEr reCesS geT bacK my ChinEse paper get 66/100...Hehe lousy hor?? HmmMm.Tis timE Da tesT nt SO gd..TodaY guo xiong didn cum he msg mi and tell mi nt i charbo is i sick..OmG!!! i dun wan him to tink tat i dun wan him charbo..Dun wan Him to geT the wrOng iDea!!  waT shoulD i Do..CannoT bE i send BAck and saY is uR business wat..Lk so bad..Aiyo HoW?? hAiZ..Today after sch accompany jamie to bedoK!!! WOW!! *penGz* she Buy So mANi maNi tibbits leI...So mani packet wow!!!! haha..OhYa..Noe wat before leaving frm sch saw Mr timonthy Low!!!!! a really veri veri good looking teacher*faint* haha..reaLLI!!!! whole sch da ger all crazy bout him but too bad lor..He onli trainee mah..cum 2 weeks onli..when i saw him i lk crazy lk tat..haha...abit siao liao..keeping laughing and saying so shuai!!! so cute!!! ahha..kiez got to end here so tired*yawNZ* Wow!! so long wor today blog..sO manI thiNgy to Say*smIleZ* hehe NiteZ  
    
</post>

<date>22,August,2004</date>
<post>

	 
       TodaY woKe up At 12 haha..im a real piggy man... Hehe woke up then watch my show qian qing bai fen bai..Hehe then went online to put a tagboard onto my blog but it turn out so so werid..so mani mani tag board..Then go to the templates to delete away in the end my journal thingy all lost.*hearT pain* so so sad...='( ...Hehe but luckily xuemei help me redo my blog hmm nt bad nice.hehe got music and those words can even move...Thanks alot ah mei...HEHE..HmmMm but kinda misS my yuna script so nice hehe...hMmMmm dun have the courage to anyhow touch my blog again dun wanna ask xue mei fix it 4 mi again..haha..*heartpain* anyway xue mei thanks alot u have done a great job 4 my blog..thanks ..TodaY my kor b'dae..Hehe luckily he didn go out with da sao nt hor his cake i will eat it up all ar*hehe* Later goinG celebrate for him..This morning he told mY daD he wanNa leaRn drivIng.Wow so fast WOr..Not Bad NexT tiMe goT cAr caN seaT..  
    
</post>

<date>21,August,2004</date>
<post>

	 
       I change the template.Nice??? Hehe final fantasy the yuna wor..So niCe..All thaNks To pEilI whO teach me How To Do iT..ThaNks *muacKz* *giggle* TodaY during Da evening went to swim with mel and my didi..Noe waT i saW kaH loOn ahhahaha..BuT he didN saW me..Haha thought that he cuming to swim swim onli..Noe wAt he cum 4 SwiMmIng LesSon*lolX* So biG liaO leI..Aiyo i See all his swimmates haha all small kiDs.He's the onli 1 so tall....haha..funniE*opps so bad hor* Hehe even saw him weraing the pajamies haha..U all noe nt swimming lesson need pajamas too..4 the floate thingy...HeheZ..So funny..AftEr swiming GuesE waT i SaW mY buddy.. When pri 3 i got 1 pri 1 buddy...Hehe thought maybe she has forgotten mi but noe wat she look at me and smile even say hi...Hehe so happi..tats mean i didn change much i still look young ahhahaha..jkjk lar.. She is still as cute and pretty as b4....But now so tall liao wor..tink my height liao.. hehe so so happI.. After makan yummy yummy fooD mel's dad drive us to simei to look 4 the knitting thread but Haiz couldn find it at all..SaDz..dissapointed... Haiyo now suddenly so miss him..how how..miss him so much.aiya dun tink of it liAo..Hehe..  
    
</post>

<date>20,August,2004</date>
<post>

	 
       TodaY Woke up at 8.15.So tired..ahHa by tat tiMe mY CousiN bro ALreadI woke Up hE salute to me And say good morning mdm.. Lolx.. At around 8.45 left home and make my way to da sch.Phew!! WhilE waiting for 222 *thinking*Will mY guiDes listen To me and respect Me as a senior??? Who will Turn up 4 the meeting?? At lasT reacH sch....Hmm their attendants were quite gd accept for sum nottie nottie 1 who didn turn up*saDz CasE* HaiyO.... HeHe all thoSe coNfusIng werid Werid command still Stuck in mY head.ArgS all those malay words..so hard to memorise all and everythingy... HeeX =P.... Told All mY juniors bout the rulez...Lk no ankle socks,No colour socks..Beside blue N black no other colour band is allowed,No using of hp during meeting this n tat... HeHe..No more hp during meeting 4 mi...='( ...No choice got to set gd example to them 1st... HeeX played some games tat bond them together too... at 1 all dismiss..So tired *yaWnZ* ... *yawnZ*       As a guiDes got to set good example..PheW..so difficult to mi...But I will Make sure they will Be bond together as 1 and respect mi and have self discipline...Can i maAKe it?? *faint* haha...HmMmm *confident* I CAN!!! i will make sure i'll change their attidute...YeaH Jia You!!  
    
</post>

<date>20,August,2004</date>
<post>

	 
       I'm BacK juZ coulD Not Sleep So cuM anD bLog Lor...HeHe at 9 i watch A verI nice show==>Ai qing He yue..A loVe story..veri nice show..AftEr tat went in to my room and mel and i started toking bout our xin shi...Haiz..tok bout our frens and all those.. Mel find tat my 2 best frens were nt those tat can be realli trusted...Ya i agree to it too...I nv tell them bout my secret b4 coz i juz dun feel the security ro tell them juz can't help it..juz didn noe how to say out..when i tell them they will say "oRh" and tats all.. all maybe they didn noe how to console...When im angry they won't even care..is lk they take for grated tat im a person who will not angry 4 long..they were lk still playing and laughing away...HAiz.. They r also nt tat time so call "steady" fren..if u r down and feel lk going to beach they will nv sae ok lor accompany u go.ya i and i noe another 2 fren jing fen and xue mei who are those steady type.. even thought i onli go recess with them,we were nt in the same class...but i alreadi told xue mei who i lk..a person tat i can trust..a person who u can share ur troubles and problem with....they both a nice ger...HmmM at around 10 pus sms daniel..He is also a veri nice guy who i can trust to tell my problem.. Thanks to xue mei,jing fen,mel and daniel u all realli rox..thanks alot *muAckZ* hehe...hMmm (to kor ==> u muz be tinking y i didn tell u ba.hehe hmmm coz i dun wan to fan ai ni..hehe anyway congrats.hehe.. *Ah Hui so proud* Hehe dun pray pray kor get 3rd 4 wushu hor..hehe.Got to sleep need to wake up at 8 tomolo*yaWnZ* nitez blog.nite korkor.nite gin:P...nitez mel,jing fen,xuemei,daniel and everyone..TomoLo will Be a bEtteR daY...SmilLeZ =)      
    
</post>

<date>20,August,2004</date>
<post>

	 
       Hehe,Hmm Tis my 1st time having a blog...Qing blog duo duo zhi jiao..hehe duo xie...=P   PhEw at LasT at LasT exAm FinisH buT got tO pRePaRe 4 FinAl YeAr ExaM agaiN..sIanz..*PeNgZ*   Today in sCh sO mOoDy..COz YesteRdaY niTeZ diDn SleEp WeLl..So TirED*YawnZ* TheN dIdN ToK mucH...   DidN even SmilE..My fRen wEre All asKing WhY waT hapPen..AhhA..LesSon WeRe alL sO boRInG.. BuT luCkilY aFteR recEss I'M bAcK tO my NorMal SelF..HeHe start laUghinG smiliNg playIng..Muz Be Those YumMy FoOd WhO aWakE Me..*yumyum* HaHA... AftEr All ThoSe boRinG boriNg lesSon hehe i wEnT To libraRY WitH jing feN,peIli,jamIE and HuiRu..i Went thEre to borRow 2 books ===> DiY cards..Hehe..GoiNg tO leaRn tO maKe Cards by My owN..For My koR(juncen)..HiS B'dAe cumIng LiAO..LaO yi NiaN le..HeHE..NoW so TirEd tInk LatEr aT dA niTez CuM bloG again..If goT ThinGy tO saE kiEz...      MiSs Him...Hmm Wat he doiNg noW leI...oHya hE juZ goT hiS haiR Cut..hMmm NoT baD sTill..StiLl Da BesT hehe     
    
</post>


</Blog>