<Blog>

<date>12,December,2003</date>
<post>

    
       
      "Is one hundred and ten real?" I thought for a moment.  "Do you mean is one hundred and ten a real number?" "Yeah." "Yes it is honey." 
      
</post>

<date>11,December,2003</date>
<post>

    
       
      1st/2nd grade What's a jewia? Today we were talking about Sacajewia, the famous Native American who helped Lewis and Clark discover the Northwest.  "What's a jewia?" a boy asked. "You mean Sacajewia?" I said. "Yeah, what's a jewia?" he replied. Right then I realized that he thought I had said "sack of jewia".  I explained who Lewis, Clark and Sacajewia were.  Even at the end, some kids still didn't understand.  They asked,  "Why did they carry a sack of something across the United States?"   "What's in the sack?" "What's a jewia?" 
      
</post>

<date>11,December,2003</date>
<post>

    
       
      Third Grade I was reading aloud from "Ramona the Pest" by Beverly Cleary.  We came across a section of the book in which Ramona's Dad comes home and tells the family that the car's transmission is broken, and that the auto repair shop will let them pay in installments.  Knowing that the students probably didn't know what this meant, I asked them to take their best guess.    "I think it means that Ramona's Dad will have to pay before they install it."   Sounds logical to me�. 
      
</post>

<date>18,December,2003</date>
<post>

    
       
      Yesterday I was in a kindergarten classroom that had A LOT of pets.  Have I ever told you how much I don't care for classroom pets?  I counted how many pets there were: 5 rats (my absolute least favorite) 1 hamster (almost as bad as a rat) 2 guinea pigs (not so bad)  1 rabbit  3 crabs  walking sticks a canary (These last three are the only three I would consider owning.  No biting or fur involved.) I don't mind being in the same room with these animals as long as they are in cages, but when the teacher asked me to feed them I considered reviewing my job description.  My main concern was the rats, but the guinea pigs were making hissing noises at me!!!!  I found a solution though - I know that kindergarteners LOVE to feed pets (just like they love to squeeze and "pet" them).  So I just asked a girl if she would be my helper and made sure that she was the one who reached into the cage and got the food bowl out.  The animals didn't attack her hand - which I really didn't think would happen but you never know.  Another funny thing that happened. When I was counting the animals I noticed an aquarium full of sticks and leaves so I asked a student, "What kind of animal is in that aquarium?" She said, "Oh, there's drumsticks in there." "What?" "Yeah, drumsticks."   I looked closer for some sort of insect I didn't know about.  Probably deadly.  They were walking sticks.
      
</post>

<date>16,December,2003</date>
<post>

    
       
      epitaph for a newt  Kindergarten classrooms are often chaotic.  On one such chaotic day in one such chaotic classroom a newt was killed, but not intentionally.  I'm almost sure that if those PETA people knew what went on in kindergarten to classroom pets they would be picketing every elementary school in the country.    "Teacher! (frantically) The newt is stuck!!!" (visualize other children also screaming and jumping up and down in the background) Indeed, the newt was stuck.  It's head was stuck in the lid of the aquarium almost as if in the act of putting the newt back into the aquarium someone had closed the lid too early.  It's head was inside the aquarium and the rest of it's totally stiff and terrified body was outside. "OK", I said, "I'll open the lid and you catch the newt."  I assigned the roles this way because I don't like to touch dead newts.  The catch was successful. Me to the class - "Sometimes when a newt gets hurt he doesn't like to be touched or petted for a long time so we are going to leave the newt alone during choice time."  I said this as if the newt was alive.  This is the nice thing about being a substitute, the real teacher can break the bad news tomorrow.  I just have to break the news to her...
      
</post>

<date>14,December,2003</date>
<post>

    
       
      We just spent a wonderful weekend with my best friend Sarah, and her friends (and my new friends) Tara and Paul.  We watched the Tuba Christmas downtown in the pouring rain.  200 tubas in Pioneer Square playing Christmas Carols.  Starbucks, rain and tubas - aaahhh - Christmas is here.  
      
</post>

<date>14,December,2003</date>
<post>

    
       
      "People who never get carried away should." -Malcolm Forbes 
      
</post>

<date>14,December,2003</date>
<post>

    
       
      Third Grade This story is one I remembered from a couple weeks ago. We were reading something historical in which they used the word "petticoat".  You know, those things that women used to wear. I asked the students if anyone knew what it meant.  "I think it's like one of those little sweaters that they put on dogs sometimes." 
      
</post>

<date>23,December,2003</date>
<post>

    
       
      Merry Christmas everyone.  Our house smells like cranberries and oranges.  We are heading out to Peacock Lane (a local street that has Christmas lights).  Paul is finishing up the presents he is making.  Tomorrow we are going to the Robinsons and to a Christmas Eve service at Mosaic, our church.  On Christmas we are going to the Tupper's.  Paul has the rest of this week off and all of next week.  We are so excited to get to spend some time together.
      
</post>

<date>22,December,2003</date>
<post>

    
       
      This just in: ALF is back!!!!  My family used to watch ALF all the time.  I copied this from yahoo:  "The 7,385 signers of the "Bring Back ALF" online petition letter have finally gotten their wish.  The furry, cat-craving extraterrestrial star of the 1980s NBC sitcom, most recently spotted slumming it for long-distance services 10-10-220 and 1-800-COLLECT, has just landed his own show on Nickelodeon."      
      
</post>

<date>22,December,2003</date>
<post>

    
       
      There will be no funny school stories for a whole two weeks.  It's Christmas break!  I do have a cute Sunday School story for you though.  Paul and I teach the preschool class which has been fun.  Paul knows "the cleanup song" now.  I have once or twice been tempted to belt it out while he and I are cleaning up around the house, just for fun.  Anyway, yesterday Paul had to do the first part of Sunday School alone because I was doing a puppet show with two other ladies.  During the puppet show (which the preschoolers attended but didn't know that I was a puppet) my character said that Jesus came to earth as a "tiny baby".  Right after I said this a hear a little preschool voice out in the audience say (very earnestly), "No, he was a king, a king, Jesus was a king!"  Then I hear Paul, "Shhhhh, listen."  He said he smiled and winked at her, and she smiled back.   
      
</post>

<date>30,December,2003</date>
<post>

    
       
      It's snowing here!!!!
      
</post>

<date>30,December,2003</date>
<post>

    
       
      No one knows how many blogs there are. "Three to five years ago, there were probably tens of thousands," Trott says. "Now there are millions." Blogspot alone hosts 1.5 million bloggers, Goldman says.  
      
</post>

<date>09,January,2004</date>
<post>

    
       
      OK-  urlLink this  is funny!  That kid looks familiar!
      
</post>

<date>08,January,2004</date>
<post>

    
       
      No school again today for the third day.  You would think I would have cabin fever by now since we haven't ventured out in three days, but surprisingly I keep finding new ways to be occupied.  I spent two hours knitting in the Starbucks two blocks away from our house yesterday.  It's fun to see neighbors.   There is a thick layer of freezing rain (ice) on top of the snow but it finally seems as though it's melting.  Paul discovered a broken water pipe in our old house and is fixing it this morning.  I am going to walk to Safeway later.  Walking has been our only form of transprotation lately.  Hopefully tomorrow everyone will be back to normal, but snow days sure are fun!
      
</post>

<date>17,January,2004</date>
<post>

    
       
      Hello weekend!  I have a three day weekend because of Martin Luther King Day.  This is one of the many benefits of being a teacher - so many days off!  Of course, being a substitute I don't get paid for them but I am looking forward to having a real job.  I have already started the job hunt for next year.  It takes soooooo long to fill out all those applications that I thought I would use all my days off being proactive (a good "interview" word - I'm practicing).  Who ever thought it would take so much work to get a job.  Whew! Speaking of MLK Day I remembered that yesterday I was speaking to a student about MLK because we had an assembly about it.  She said, "I think Martin Luther King was the king at the beginning of the world, he was probably the first one who was born."  Where that came from - I don't know. Today is Saturday and Paul and I spent it doing - as he puts it - nothing.  Sometimes what is relaxing to me is "nothing" to Paul.  We went out for crepes in the morning and then to the library, where I loaded up on books like "101 Best Resumes" and "The Idiot's Guide to getting your dream job".  Paul got some movies on things like snowshoeing and dog-sledding and mountains (he is having a mountain movie marathon even as I am writing this).   The library is our ultimate in cheap entertainment.  It's a paradise.  There is a library downtown called central library - it's hunormous.  It's beautiful.   We also like Barnes and Noble.  At first we felt a little guilty about reading all thier books and magazines without ever buying anything, but we go there about twice a month now, just to sit in comfy chairs and read. 
      
</post>

<date>16,January,2004</date>
<post>

    
       
      I haven't written much lately because I haven't been working much lately - with the storm and everything.  So today I was in one of my favorite classrooms - a first second split - and they are just so funny.  There are some conversations that teachers just aren't supposed to overhear, and when I hear them, I usually just chuckle and ignore them.  Today I heard one that went something like this: BOY: "It's not true, I never even kissed her!" (this is what I heard first so you can imagine why I kept listening) GIRL:  "But you are her boyfriend." BOY:  (very insistant) "No - I'm - not." GIRL:  "But you know even though you don't think you are her girlfriend, you are because she says so.  It's like, she doesn't have to be your girlfriend but you are still her boyfriend." BOY:  "I give up."
      
</post>

<date>23,January,2004</date>
<post>

    
       
      Yesterday during a particularly boring lesson (not my choice of course - but one that the teacher left for me to do), my students were actually pretending to fall asleep.  I was tempted to let them get away with it.  
      
</post>

<date>21,January,2004</date>
<post>

    
       
      After working in both an emergency room and the public school system I really do believe in full moons.  They effect people.  Yesterday the school secretary ran out of ice at recess.  (entering the twilight zone)  
      
</post>

<date>21,January,2004</date>
<post>

    
       
      Kindergarteners sometimes freak out when a sub shows up.  Sometimes I talk to them about how thier teacher and I are alike and different just to calm thier fears.    ME:  How are Ms. Smith and I different? Student:  She has black hair and you have short hair. Another Student:  Your neck is bigger than hers. Another Student:  Yeah, like a giraffe. Another Student:  Yeah, you look like a giraffe.  So you can see where this conversation was going.  I stopped them short before they went on to other body parts.    The best part of today was watching "Finding Nemo".  It's a tough job but someone has to do it.
      
</post>

<date>28,January,2004</date>
<post>

    
       
      The names in this story have been changed to protect the guilty. Get ready for this:  kids know alot more nowdays than they did five years ago.  One time I was subbing for a second grade class and I was flipped off by a student.  This story really contains two forms of misbehavior - tattling and swearing - the classics of childhood.   Here's how it went down: It's a typical overcast day in the northwest.  I line up my students and march them outside to go home.  Now, one thing you have to know is that students who misbehave naturally gravitate towards the back of the line so that they can talk and, in this case, swear.  I haven't really found a good way of preventing this.   When we reach our destination outside a stampede of second graders heads towards me.  Seriously, about ten children.  You know when a student is about to tattle because they have a look of victory and horror / disgust in thier eyes.  It only takes a few days to learn this look.  It makes a teacher want to run for cover.   "Eric said the f-word."   "Eric said a bad word." "Eric is swearing." This continues for a while.  All this while I am saying, "I know.  I realize that.  Please go back in line.  I know.........." Finally, a boy comes up to me after all the others have left, very seriously, and said, "I heard Eric say the word that means this."    And then he gave me the finger.  In front of a whole playground full of teachers, students and parents.  It was one of those moments that you remember in slow motion.  I knew that he thought that it was a nicer way of saying the same thing, so I talked to him a bit about why we don't use that gesture.  Even though I think it's sad that second graders know the f-word, this one of my best stories.  I told this story one time to some friends and one person said that when he was working with kids a student came to him and complained that someone had called him the j-word.  When he asked him what the j-word was he said, "Jerk."
      
</post>

<date>27,January,2004</date>
<post>

    
       
      Quote of the Day  "Retirement is when people get really old and they just stop working.  Then they can do whatever they want.  My grandpa goes golfing every day."  - a first grader
      
</post>

<date>27,January,2004</date>
<post>

    
       
      I just walked to the library and stopped by Zupan's.  When I was coming out of Zupans an older (probably homeless) man asked me a question.  I couldn't understand what he was asking me because he didn't have any teeth so I asked him to repeat himself.    "Do you currently indulge in the habit of nicotine?"    Now I don't often get asked if I have any smokes because I really don't look like I smoke, but this is the most creative way I have ever been asked for a cigarette.   
      
</post>

<date>01,February,2004</date>
<post>

    
       
      On Friday I was teaching a second grade class and we were reading folk tales (like John Bunyan).  We were talking about folk tales and I asked them how they could tell if a story was old or new.    "When I was in kindergarten they read me the same story, so it's REALLY old." 
      
</post>

<date>01,February,2004</date>
<post>

    
       
      Today in Sunday school I asked our preschoolers if they knew what being blind was (it was the story of Jesus healing the blind man).  One girl said, "Some girls have blind hair." 
      
</post>

<date>01,February,2004</date>
<post>

    
       
      Tonight Paul and I were reading and drinking coffee at our favorite "crepe and coffee" place - Java Vivace.  If you hang out in a coffee shop in Portland long enough you are bound to see something weird.   A man came in the door waving an umbrella above his head, in calm, almost robotic-like movements.  He never stopped waving the umbrella and came into the room we were in with some other patrons and turned in a circle waving the umbrella all around the room.  The whole time he was saying in a monotone voice, " I read the Oxford Collegiate Dictionary.  I read the Oxford Collegiate Dictionary.  I read the Oxford Collegiate Dictionary."   Then he turned around and left just as quickly as he came in.   Paul and I were silent for a moment.  We looked around to see what other people's reactions would be.  One couple chuckled and rolled their eyes.  The barista didn't even raise an eyebrow.  No one else made any motion that signified that anything out of the ordinary had just happened in the room.   After a few minutes I had to start laughing, knowing that no one would be paying attention to me, just like they didn't pay attention to the crazy man.  
      
</post>

<date>12,February,2004</date>
<post>

    
       
      Yesterday a very disrespectful little boy called me "Mrs. Whatever".  It was one of those days that seems to drag on and on and on and on.  At one point I looked at the clock and thought, I can't believe I have only been here one hour.   Today was a different story however.  For an hour we watched "Willy Wonka and the Chocolate Factory" and ate cupcakes and cookies. That's the thing, when I wake up I really have no idea what will happen or where I will go or if I will have fun.  It's pretty much an adventure.
      
</post>

<date>09,February,2004</date>
<post>

    
       
      The Robinson's have entered the age of information.  Paul and I set up our DSL account today.  We keep our same email address, and now we are able to talk on the phone and surf the net AT THE SAME TIME.  This has taken on new importance to us since most of the calls I get for subbing come in the evening during prime surfing time for Paul.  
      
</post>

<date>09,February,2004</date>
<post>

    
       
      Please say it ain't so. According to Mattel toys, Barbie and Ken have officially called it quits. Many suspect Cali Girl Barbie somehow involved, however, it is reported that they "will remain friends".
      
</post>

<date>09,February,2004</date>
<post>

    
       
      Good grief I can't resist these ones about religion & food:  "Hearing nuns' confessions is like being stoned to death with popcorn."  Fulton Sheen.   "Sometimes I lie awake at night, and I ask, 'Where have I gone wrong?' Then a voice says to me, 'This is going to take more than one night.'."  Charlie Brown.   "It was God who made me so beautiful. If I weren't, then I'd be a teacher."  Linda Evangelista.  "Whenever I watch TV and see those poor starving kids all over the world, I can't help but cry. I mean I'd love to be skinny like that but not with all those flies and death and stuff."  Mariah Carey.   "If toast always lands butter-side down, and cats always land on their feet, what happens if you strap toast on the back of a cat and drop it?"  Steven Wright. 
      
</post>

<date>09,February,2004</date>
<post>

    
       
      In honor of my brother and sister in law who are about to become parents, here are some funny quotes about kids:  "I like children - fried."  WC Fields.   "Everytime a child says, 'I don't believe in fairies', there's a a little fairy somewhere that falls down dead."  JM Barrie.   "Human beings are the only creatures on earth that allow their children to come back home."  Bill Cosby.  "Watching your daughter being collected by her date feels like handing over a million dollar Stradivarius to a gorilla."  Jim Bishop.   "When you're eight years old nothing is your business."  Lenny Bruce.   "In general my children refuse to eat anything that hasn't danced in television."  Erma Bombeck.    "Never underestimate a child's ability to get into more trouble."  Martin Mull.    "Childhood is that wonderful time of life when all you need to do to lose weight is take a bath."  Richard Zera.   "The real menace about dealing with a five-year-old is that in no time at all you begin to sound like a five-year-old."  Jean Kerr.   "Don't tell your kids you had an easy birth or they won't respect you. For years I used to wake up my daughter and say, 'Melissa you ripped me to shreds. Now go back to sleep.'."  Joan Rivers.   "Babies don't need a vacation but I still see them at the beach. I'll go over to them and say, 'What are you doing here, you've never worked a day in your life!'."  Steven Wright.  
      
</post>

<date>19,February,2004</date>
<post>

    
       
      I'm sick today (thanks Kelina :)).  Paul keeps telling me to just put on more clothes (I'm not cold I just have a cold).  Yesterday I took some Claritin 24 hour non-drowsy extended release cold medicene in the morning to help get me through the day because I had to work.  It worked.  I was actually not drowsy for (almost) 24 hours.  I couldn't go to sleep until 3:30 last night.  Good thing I didn't have to work today.  
      
</post>

<date>18,February,2004</date>
<post>

    
       
      I just finished a "wonderful" book that every teacher should read.    urlLink Click here   to read about Ron Clark and "The Essential 55"
      
</post>

<date>17,February,2004</date>
<post>

    
       
      Today I was teaching in a second grade class that had a student teacher.  Being a recent student teacher myself, I tried to generate some excitement about her.  ME:  I hear you have a great student teacher. Students:  Yeah ME:  What are some of the things you like about her? Student:  She does cool science experiments with us. Student:  She's nice. Student:  I like her because she is a teenager. ME:  Really?  A teenager?  She looks older than that to me. Student:  I think she's about 18 or 20. ME:  Well how old do you think I am? Student:  Probably about 30.  Turns out we are the same age...
      
</post>

<date>17,February,2004</date>
<post>

    
       
      Overheard conversation today (first grade):  "Guess what?  On my birthday my cat crawled into my pinata."  
      
</post>

<date>17,February,2004</date>
<post>

    
       
      Paul and I celebrated Valentines Day in Seattle with my best friend Sarah and her boyfriend Paul.  Sarah got both Pauls T-shirts that say "Paul" and Sarah and I got T-shirts that say "I love Paul".  I wish I had a digital camera. We also ate at (in my opinion) the best fish and chips place ever: "Spuds" on Alki Beach.
      
</post>

<date>28,February,2004</date>
<post>

    
       
      "I'm warning you, I'm not a counselor, I'm not even a middle school teacher," I said to the middle school "behavior management specialist" whom I was there to replace.  Once in a while there are not enough substitutes to go around and the automated voice calls you for a job you are not really qualified for.  I guess, technically, I am a certified teacher.  But let me tell you, the middle schoolers and I both know that I'm not supposed to be there.  I wonder how the behavior management specialist ended up teaching golf?  This was the only class I had to teach in the afternoon so I made my mind up that I could make it through.  I went to the gym thinking that there would be a person coming to teach golf and I would just be there to help.  When I got to the gym the PE teacher told me that the golf teacher would not be there today.  "Good luck", she said.  I have learned that when someone tells you good luck (especially secretaries) it's never a good thing.    So it's really hard for me to look like I know what I am doing when I don't - especially when it comes to sports.  The only other times I taught junior high I made the mistake of telling them I was really an elementary school teacher.  That was not a good move.    I'll have to say that the golf lesson went very well.  I even have to say that the day was rather amusing, although I will never go back.  Paul wants to go back to school next year to be a middle school science teacher.  I say good luck.
      
</post>

<date>26,February,2004</date>
<post>

    
       
      Student:  I'm so tired.  I stayed up all night because of that scary movie. ME:  What movie? Student:  Snow White
      
</post>

<date>25,February,2004</date>
<post>

    
       
      Oh, and get this:  Paul spent the whole time we were at the library - almost two hours -   in the math section  .  I love my husband.  
      
</post>

<date>24,February,2004</date>
<post>

    
       
      As Paul and I were walking out of the library tonight I whispered to Paul, "Sometimes the library is a scary place."  There was a man bugging a librarian because "he was very unhappy with their service".  All I have to say is, you've hit an all time low when you feel you have to harass a LIBRARIAN.
      
</post>

<date>24,February,2004</date>
<post>

    
       
      I was a middle school counselor last week for (thank goodness) only half a day.  I'm sure there will be more on this later.  It was quite a harrowing experience.  I don't want to give it all away but I actually had to teach GOLF.  I know some of you who know me well are laughing right now because the actual amount of coordination and knowledge that I have in this area could be contained in a hollow easter egg.   More on this later... (I took notes while I was there for my blog knowing that it was good material - I think I am a blogging  nerd )
      
</post>

<date>23,February,2004</date>
<post>

    
       
      Paul and I were teaching Preschool Children's Church yesterday and we were learning about the Good Samaritan.  I asked the kids if they could tell me the story and one boy did.  When we got to the part where the man gets rescued he said, "And then the American guy came and helped him out."
      
</post>

<date>23,February,2004</date>
<post>

    
       
      I was teaching kindergarten today.  I was supervising recess when one of my students came.  Student:  I have to go to the bathroom. ME:  You can go inside and use the bathroom. Student:  Or I could just go out here. ME:  Thats not a good idea.  
      
</post>

<date>05,March,2004</date>
<post>

    
       
       urlLink Friday Five   What was...  1. ...your first grade teacher's name?  Annie = Mrs. Conrad  (shiver, shiver) Paul = Can't remember  2. ...your favorite Saturday morning cartoon?  Annie = Darkwing Duck (technically afterschool but still my fav) Paul = G. I. Joe or Transformers in Spanish  3. ...the name of your very first best friend?  Annie = Lisa Hamilton Paul = can't remember  4. ...your favorite breakfast cereal?  Annie = Fruit Loops Paul = Lucky Charms when in the states  5. ...your favorite thing to do after school?  Annie = have a snack, read Paul = doesn't know 
      
</post>

<date>03,March,2004</date>
<post>

    
       
      Student:  Who are you again?
      
</post>

<date>03,March,2004</date>
<post>

    
       
      ME:  I found this book in a park when I was on a camping trip?  Would you like me to read it to you? Students:  Yeah, yeah. (nod in agreement) ME:  Have any of you ever been camping? Student:  Camping?  (surprised and astonished look) That's dangerous! 
      
</post>

<date>03,March,2004</date>
<post>

    
       
      This morning - very, very early in the morning Paul and I heard helicopters circling around and around.    "They must be looking for a fugative,"  I thought.  When we woke up we could still hear them,  there is a rapist on the loose in our neighborhood (don't worry mom my husband is watching out for me and has pronouced death to the man who harms his wife) so we thought maybe they were looking for him.    That is, until I went to work this morning.  I was driving to the Hawthorne bridge and just on the corner of Hawthorne and Grand is the courthouse building (about 12 blocks away from our home sweet fourplex) and all the gay couples were lined up to get married.  There were reporters and everything.    Then I got to work and I had to call the person I was subbing for.  Guess where she was?  At the courthouse getting MARRIED to her partner.  Then as I was coming home I saw the same scene again only huge.  News trucks, helicopters, the works.  Paul and I are going to walk down there now and watch the circus.  History in the making whether you like it or not.
      
</post>

<date>02,March,2004</date>
<post>

    
       
      I was just called by the phone-a-thon students.  Those of you who went to MBC will recognize this as an incredibly painful but necessary night in which you spend four hours calling alumni and asking for money.  Now they are calling me!
      
</post>

<date>01,March,2004</date>
<post>

    
       
      There are some seriously impressive blogs out there.  It makes me feel humble.  These people have links and you can leave messages for them and everything.  It's amazing.  I have been having fun checking out blogs from teachers and also christian blogs.   Check this one out from a christian teacher:  urlLink What in Tarnation?  Also, this one is impressive.  There is so much so see.  I'm still trying to figure out how to let people email me.   urlLink Jen Speaks  Stayed home today (no jobs) and washed all my windows, inside and out.  The reason for this was because I really couldn't stand to look at another job posting.  I would rather do housework than job hunt.  I also found the coolest cow serving tray at a thrift store.  The bad news is that there is no more housework to do, so if I stay home tomorrow I'm stuck with the job hunting.
      
</post>

<date>01,March,2004</date>
<post>

    
       
      Note I recieved today:  "I think Mrs. Robinson is the best supstut ever."
      
</post>

<date>29,February,2004</date>
<post>

    
       
      I was picking the students up from the playground in the morning where they wait for their teachers.  The grass was moist and dewey and it was morningy.  Student:  Mrs. Robinson, you shouldn't walk in the grass in the morning. ME:  Why? Student:  Because a lot of people bring their dogs here and the dogs go poop and the principal doesn't have time to clean it all up before we get here.
      
</post>

<date>29,February,2004</date>
<post>

    
       
        You are Marcie!    urlLink   Which Peanuts Character are You?     brought to you by  urlLink Quizilla     
      
</post>

<date>13,March,2004</date>
<post>

    
       
      I've had a dry spell of good stories to write in my blog, even though I have been busy.  I'm feeling better about looking for a job too.  The school system here run in rounds, so that the most experienced teachers get first dibs at the jobs.  I am in (of course) the last round of hiring, but I was encouraged by some teachers that were telling me that alot of the good jobs don't even open up until the last round. I wish I had a digital camera so I could take some pictures of some of the flowers that are blooming around our hosue.  Spring is here! I am expecting a new baby nephew any day now.  Everytime the phone rings I think, he's HERE!  But not yet.  I will post when he comes.
      
</post>

<date>08,March,2004</date>
<post>

    
       
      Kindergarten  Student:  Miss Wendy said that I could be the substitute teacher today. ME:  Oh she did?  How about if we teach together? Student:  (shrugs) O.K. ME:  Can you lead the Hippo Song? Student:  No ME:  Can you lead the Circle song? Student:  No ME:  Well take a look at our schedule (go over schedule with student).  Do you think we left anything out? Student:  Well, actually, yeah. ME:  What? Student:  We should have making mud pies in there somewhere...
      
</post>

<date>20,March,2004</date>
<post>

    
       
      I love "Deep Thoughts" by Jack Handy.  One of my favorites is,   "A good way to threaten somebody is to light a stick of dynamite. Then you call the guy and hold the burning fuse up to the phone. "Hear that?" you say. "That's dynamite, baby."   For more click  urlLink HERE .  
      
</post>

<date>19,March,2004</date>
<post>

    
       
      Hi, lately I have been suffering from bloggers block, probably because I have been sick.  I'm on the other end of it now though.  It's a throat problem.  I've spent a day and a half on my deathbed and now it's time to live again.  My cold's are much shorter these days since I've found some miracle herbs that cure me every time.  The Robinson's made an important purchase this week - a rope for rock climbing.  Just one more activity to add to our repertoire of outdoor stuff.  Now we can canoe, rock climb, backpack, camp, etc.  Much to Paul's delight.    Update:  Now we can mountain climb too since my Dad just found some crampons and an ice ax at a garage sale for thirty dollar.  He's handy to have around.
      
</post>

<date>16,March,2004</date>
<post>

    
       
      Overheard comment made by a kindergartener to a friend:  "Did you see me just now?  Just then, I just looked like Beyonce."
      
</post>

<date>26,March,2004</date>
<post>

    
       
      Believe it or not, I have never been to Learning Palace.  I always thought it was for teachers who weren't creative enough to think of things on their own (I can be snobby sometimes, everyone has an ugly side).  Well, today I went and let me tell you this place is like cocaine or heroin for teachers.  Seriously, I could have spent ALL day there.  If you are a parent or teacher, let me warn you, it's a dangerous place.  Fortunately, I was there to spend my church's money (I am in charge of getting supplies for preschool Sunday School), so not much damage was done.  I had myself convinced that since I can write teaching things off on my taxes and they give a ten percent discount it's really practically FREE.  You'll be happy to know that I have landed safely back in the land of reality.  
      
</post>

<date>25,March,2004</date>
<post>

    
       
      Do you ever wonder, "Is anyone listening besides my Dad?"  If you read my blog regularly, please  urlLink email  me.
      
</post>

<date>24,March,2004</date>
<post>

    
       
      Daily Deep Thought (or two):  "I hope they never find out that lightning has a lot of vitamins in it, because do you hide from it or not?"  "If you ever drop your keys into a river of molten lava, let'em go, because, man, they're gone."   urlLink More Deep Thoughts    
      
</post>

<date>24,March,2004</date>
<post>

    
       
      The other day I saw a clown driving a van and I thought, "This is exactly how this week has been for me."  Totally unexpected and wierd.  Many things that we have been dreading have happened, but also many things that we had been looking forward to.  It's just funny that it all happened in the same week.  
      
</post>

<date>24,March,2004</date>
<post>

    
       
      More Deep Thoughts by Jack Handy:  "After I die, wherever my spirit goes, I'm going to try to get back and visit my skeleton at least once a year, because, "Hey, old buddy, how's it going?"  
      
</post>

<date>24,March,2004</date>
<post>

    
       
      It's Spring Break folks.  I bet you are all thinking, "Gee, this lady sure gets a lot of days off."  You would be RIGHT.  Subbing has it's perks.  My current project is wiping out my cupboards which I am currently taking a break from.    IMPORTANT NEWS:  I am now an aunt.  My nephew said a big hello to the world on Monday at a whopping 9 pounds 13 ounces.  I waiting for my brothers permission before I post a picture.  If I do, the little Tupper will be my first picture blog (I hope I can figure that out).    Have a wonderful day!
      
</post>

<date>03,April,2004</date>
<post>

    
       
      I hate Spring forward.  That's all I have to say.
      
</post>

<date>02,April,2004</date>
<post>

    
       
      Today Paul and Peter dug a garden in Peter's backyard (our neighbors house).  When they were digging they found a glass pipe...
      
</post>

<date>02,April,2004</date>
<post>

    
       
      Me trying to wake Paul up this morning...  ME:  Good morning glory.....................wake uuuuuuuuup............................Seize the day!.........................CARPE DIEM!  PAUL:  (mumbles) What's the point?  later...  PAUL:  What d'you say about a carpet day?    
      
</post>

<date>01,April,2004</date>
<post>

    
       
       Quote of the Day:   "We ain't stayin' at the Hilton lady."  -Paul's comment to me complaining about some drawers in our kitchen
      
</post>

<date>31,March,2004</date>
<post>

    
       
       Quote of the Day:   "Please don't push or crowd.  We will be opening the doors momentarily. "  - official at a job fair for teachers I went to yesterday  Note about this:  Teachers never follow the rules.  They always talk in class or staff meetings, cut in lines, etc.
      
</post>

<date>30,March,2004</date>
<post>

    
       
      I just read a really good book,  urlLink Blue Like Jazz , by Don Miller who lives here in Portland.    "The first generation out of slavery invented jazz music.  It is a music birthed out of freedom.  And that is the closest thing I know to Christian spirituality.  A music birthed out of freedom.  Everybody sings thier song the way they feel it, everybody closes thier eyes and lifts up thier hands."  -Blue Like Jazz, page 239
      
</post>

<date>30,March,2004</date>
<post>

    
       
       Quote of the Day:  "She was the best wife in the world for fifty five years....we'll see her again in a better place.  Even better than New Jersey."  - Paul's Grandpa
      
</post>

<date>28,March,2004</date>
<post>

    
       
       Quote of the Day  "Annie, it wasn't a nice present when I threw up on you that one time was it?"  -anonymous preschooler who really did throw up on me in Sunday School 
      
</post>

<date>09,April,2004</date>
<post>

    
       
       Quote 'o' the day:   "I'm not gettin' any younger here."  - third grader, age eight
      
</post>

<date>06,April,2004</date>
<post>

    
       
       Oh Crap!!   Today as I was playing a game with the students in a moment of frustration I said a big no no.  I was supposeed to be watching the students to see which one raised thier hand first and I was reading so I missed it.  I looked up and as I realized my mistake I rolled my eyes and said, "Oh CRAP!".  Instantly I clasped my hand over my mouth as the classroom exploded in laughter and looks of shock...  I apologized. 
      
</post>

<date>17,April,2004</date>
<post>

    
       
      Just got back from a Saturday morning walk with my good friend Kara and good dog Tucker.  It's a good day for baking something to take to our friends house tonight.  By the way, my husband is s-t-i-l-l wearing the old T-shirts and now when I comment about it he just laughs at me.  
      
</post>

<date>14,April,2004</date>
<post>

    
       
      Why did the words on my blog suddenly become bigger?  If anyone knows how to fix this please email me.
      
</post>

<date>14,April,2004</date>
<post>

    
       
       The Proper Care and Feeding of Husbands   Someone please tell me what this is all about:  I buy my husband white T-shirts at JC Penney's - they are a certain brand because that's all he likes.  I bought the same exact T-shirts that he wears now.  Yet he is still wearing the old T-shirts.  You can see his skin tone thru the shirt!    A few weeks ago:  ME:  Here are your new T-shirts. Paul:  The are too big. ME:  They will shrink.  They are exactly the same size as the ones you have now. Paul:  OK  Today:  ME:  Why are you wearing your old T-shirts? Paul:  They are too long.  You said they would shrink but they haven't.  I give up.
      
</post>

<date>13,April,2004</date>
<post>

    
       
      One thing I hate about this week:  Easter candy.  Sugar was not meant to be consumed in large portions.  It makes kids just plain creepy.
      
</post>

<date>13,April,2004</date>
<post>

    
       
      Kindergartener shows me a picture of a rainbow:  "Is this a shooting star?"  
      
</post>

<date>11,April,2004</date>
<post>

    
       
      My nephew turned three weeks old yesterday.  I got to hold him on Saturday for the very first time.  For a three week old baby he makes really funny faces.  He was sleeping in a basinet that my mom has at her house and at one point my whole family was in there just staring at him.  We are officially IN LOVE.
      
</post>

<date>11,April,2004</date>
<post>

    
       
       Update:   Some of you know that due to recent events our car is no longer capable of speeds higher than 40 miles per hour.  This makes traveling difficult and slow and going to costco almost impossible.  Well, this morning I am going to pick up our new (to us) Ford Ranger!!!  It will be the first car we have ever bought together.  Is anyone in the market for a fabulously well aged Nissan Sentra - great "around town" car.
      
</post>

<date>11,April,2004</date>
<post>

    
       
       Quote of the day:   "So...how often do you wash a kid like this?"  -my little brother to my sister in law about her three week old son
      
</post>

<date>22,April,2004</date>
<post>

    
       
      Note to the Teacher:  We had a problem with student inserting inappropriate things into the pencil sharpener.  When I confronted them they said it was an "experiment".  
      
</post>

<date>22,April,2004</date>
<post>

    
       
       Quote of the Day:   "I think New Year's Eve is just a conspiracy to make you want Jamba Juice the next day. Think about it: hangovers, resolutions... um... it's winter, so you don't get much fruit in your diet..." "Do you think maybe the holiday is older than Jamba Juice?" --Two guys in line at Jamba Juice.   
      
</post>

<date>22,April,2004</date>
<post>

    
       
      Yesterday I saw "The Velveteen Rabbit" at the Keller Auditorium.  
      
</post>

<date>30,April,2004</date>
<post>

    
       
      A deli owner is being credited with saving the life on a 90-year-old customer who never misses her morning coffee. So when she failed to show up the other day, the owner got worried and called police, who rushed to her home in the nick of time. Parsippany police say that if Chris Kim hadn't called them, his 90-year-old customer probably would have died in her bath tub, where she had been trapped for almost two full days. That's customer service ...
      
</post>

<date>26,April,2004</date>
<post>

    
       
       Joke of the Day:   "So John Kerry walks into a bars and the bartender says, 'Why the long face?'"
      
</post>

<date>26,April,2004</date>
<post>

    
       
      It's officially b-e-a-u-t-i-f-u-l outside today and I'm staying home from work, partly because I'm "all stuffed up" and partly because -hey- it's 85 degrees today.  Our weekend was great, Paul and I helped his parents get moved into their new house.  It has a hot tub, so we're pretty excited about that.  Other things we did this weekend: -bought kumquats (Paul swears that I will like them) -rocked out at church -barbecued  -walked at Hoyt Arboretum  -ate out at Red Robin (the place we always go when we can't decide where to go and don't want to try anything new)
      
</post>

<date>15,May,2004</date>
<post>

    
       
      Another Quote of the Day:  "It's just a fact of life, black people can BARBQUE.  It's a whole 'nother world o' cookin'."  -Paul, after eating some ribs at our friend Letha's graduation party
      
</post>

<date>15,May,2004</date>
<post>

    
       
      Quote of the Day:  "Hmmmm.... I think I need those."  -five year old girl looking at some shoes (they start younger every day!)
      
</post>

<date>22,May,2004</date>
<post>

    
       
      Quote of the Day:  "Any purchase over fifty dollars gets you a good hit of pot."  -a man trying to make deals with us at a garage sale (he was serious too)
      
</post>

<date>21,May,2004</date>
<post>

    
       
      I got my first apple today!  I have been subbing at the same second grade classroom for a few days and today when I looked on my desk there was a perfect red apple with a little note taped to it that said, "To Annie From Madeliene".  My heart leapt with joy.  I can't tell you how wonderful it made me feel.  My very first apple.  I went out and bought myself some shoes for the occasion.  They make my feet look like little presents - you'd have to see them.  They're red.
      
</post>

<date>19,May,2004</date>
<post>

    
       
      Paul and I are participating in not buying gas today, although we are not sure this whole thing will work.  We only have a fourth of a tank left, so there will be no hikes in the gorge tonight.
      
</post>

<date>18,May,2004</date>
<post>

    
       
      Thieves stole a rare penguin called Piglet from a sea life center in northeast England and dumped it in a garden, police said Tuesday. You have to be some bored thieves to target a penguin ... 
      
</post>

<date>16,May,2004</date>
<post>

    
       
       urlLink    Taking a walk after Easter dinner&nbsp; urlLink   
      
</post>

<date>16,May,2004</date>
<post>

    
       
       urlLink    The Robinson's and the Tuppers&nbsp; urlLink   
      
</post>

<date>16,May,2004</date>
<post>

    
       
      Well, I just wrote a gut-wrenching, heart-breaking post about my spiritual struggle with job searching, but it accidentally got erased, so I will not write it over again.  It's a cloudy day here in Lake Wobegon (er- I mean Portland).  The mist is rising over the West Hills.  It's a day when I wish I had a bike.   I don't know if any of you know this but Paul and I have some pet birds.  Well, they really are wild and they live outside but we like to think of them as our own.  We hung a bird feeder a couple months ago and now our house is the most popular gourmet hangout for all the birds in Portland.  Seriously, birdseed is going to start taxing our budget.  Someday, when I have my own digital camera I will take a picture.  I can hear them right now because the backdoor is open.  It's very comforting and now I think living here would be boring without the sound of our pet birds.  Another thing about pets, I want a dog, but Paul is against it.  That's another post.....  
      
</post>

<date>16,May,2004</date>
<post>

    
       
       urlLink    Another picture - my brother's at Easter riding things.  My Mom and Aunt Becky are on the right.&nbsp; urlLink   
      
</post>

<date>16,May,2004</date>
<post>

    
       
       urlLink    My first time posting a picture to my blog.  This is Paul on Sauve Island last December.&nbsp; urlLink   
      
</post>

<date>29,May,2004</date>
<post>

    
       
       urlLink    Home Sweet Home! (last fall)&nbsp; urlLink   
      
</post>

<date>26,May,2004</date>
<post>

    
       
      In an effort to attract more pet birds to our house, Paul is putting in a birdbath.  I'll let you know how it works out.  No luck on the dog issue either.  I tried pleading in my most pitiful voice.  He's immune.  So we can have more birds, but no dog, where's the logic in that!!!
      
</post>

<date>26,May,2004</date>
<post>

    
       
       Odd experience of the week:   We bought a book about our new truck (manual type) on Half.com the other day.  A few hours later a man shows up at our door with the book and money to reimburse for the shipping we paid.  HE LIVED IN OUR NEIGHBORHOOD.  Of all the places in the world this book could come from, he lived in our NEIGHBORHOOD.  It actually wierded me out a little.   For those of you who don't know how half.com works:  if you have a book you want to sell you can just post it on this website and people can buy them from you and it's your responsibility to send it to them.  Kind of like eBay without the bidding.
      
</post>

<date>26,May,2004</date>
<post>

    
       
      (this is my 101st post to my blog!)  Kindergarten:  Student draws many slashes, dashes, and squiggly lines in thier journal.    "Look Mrs. Robinson, I'm writing in Chinese."
      
</post>

<date>24,May,2004</date>
<post>

    
       
      For a reward today let the kids watch "The Fox and the Hound".  We watched half of it on Friday and half today.  I am amazed at how much kids love that movie even though it was made in my childhood.  Our family had a record of the soundtrack to the Fox and the Hound and we used to listen to it over and over.  I can still hear Big Momma...
      
</post>

<date>24,May,2004</date>
<post>

    
       
      Sharing this morning: (kids get to share things that happened to them or are important to them)  Student 1:  I got to see Shrek 2 on Sunday...  Student 2:  I got to see Shrek 2 on Saturday...  Student 3:  I got to see Shrek 2 on Saturday...
      
</post>

<date>09,June,2004</date>
<post>

    
       
      Kindergartener shows me a picture of a rainbow and asks me:  "Is this a shooting star?"
      
</post>

<date>08,June,2004</date>
<post>

    
       
      Get a free ipod  urlLink HERE 
      
</post>

<date>08,June,2004</date>
<post>

    
       
      Not only do we have pet birds, we now have pet squirrels.  We didn't want the squirrels as pets, but ya put food out and who knows what kind of animal you will attract...  By the way, we have yet to see a bird take a bath in our bird bath.
      
</post>

<date>08,June,2004</date>
<post>

    
       
      If you were praying for me today, thanks.  The interview went well.  As I was on my way to the interview, I stopped to get gas at a local gas station.  When the attendant (who was a nice, older man) saw that I was dressed up, he asked if I was going to work.  I said no, I'm actually on my way to an interview.  He looked me straight in the eye and with the kindest, most sincere smile on his face he said, "Oh, I just know you're gonna be great.  I'll bet you're just the person they're looking for."  It made my day!
      
</post>

<date>18,June,2004</date>
<post>

    
       
       urlLink    Photo by Paul&nbsp; urlLink   
      
</post>

<date>13,June,2004</date>
<post>

    
       
      Well, it's a hot day here in PDX.  Yesterday Paul put the air conditioner in our bedroom window.  Alas, the poor little machine only cools one room even if we strategically direct the air flow with fans.  It doesn't often reach the 90's here.   We have harvested spinach, lettuce and radishes from our garden so far this year.  Oh, how I wish I had a digital camera.  I would take pictures of all our produce.  Paul is such a diligent farmer.  The rows are planned perfectly and placed painstakingly.  Each vegetable is cottled and harvested at exactly the right time.  I'm so proud of my perfectionist husband.  He really is reaping the rewards and daily explodes with joy at some new change in the garden. Well, that's the news here in Portland, Oregon.  Where the sun shines brightly, the vegetables grow strong, and the husbands are above average.
      
</post>

<date>13,June,2004</date>
<post>

    
       
      This chuckle is being brought to you by our neighbor Jason Johanson, who even told me I could take credit for this one if I put it on my blog:  Student:  "Jason, Eric said the 'G' word!!!"  Jason:  "What is the 'G' word?"  Student (whispers):  "Jerk."
      
</post>

<date>13,June,2004</date>
<post>

    
       
      If you are a person who sees Paul pretty often you may notice that up until now he has been wearing a different variation of the same thing for most of his life.  Don't get me wrong, I love the look!  But, there are only so many combinations of jeans and t-shirt possible. Paul and I decided that new threads were in order.  We went shopping today specifically for Paul.  He's now a fan of the funky button up shirt!  You'll notice next time you see him - a new confidence - a new style.  I do have one thing to say though, we did buy an ungodly amount of polo shirts.  I guess you can't teach an "old Paul new tricks".  
      
</post>

<date>13,June,2004</date>
<post>

    
       
      The following pictures are courtesy of Peter and Jessica Stitcher, our new friends across the parking lot who are new here in PDX.  It's so great to live near friends.  SIX of our neighbors stopped by today at different times including Peter and Jess.  SIX!!!  I feel so blessed!
      
</post>

<date>13,June,2004</date>
<post>

    
       
       urlLink    Paul, Michael and Peter at the Ape Caves&nbsp; urlLink   
      
</post>

<date>13,June,2004</date>
<post>

    
       
       urlLink    Peter, Michael and Paul&nbsp; urlLink   
      
</post>

<date>25,June,2004</date>
<post>

    
       
      I heard this in passing last night at "Last Thursday" an art/street fair:  "Cool, who did your tatoo?" "Well a guy started it but then he died..."  
      
</post>

<date>23,June,2004</date>
<post>

    
       
      So the taste test was a low carb alternative to mashed potatoes and they were surprisingly very, very good.  I actually loved them.  I am still hungry for dinner though.
      
</post>

<date>21,June,2004</date>
<post>

    
       
       urlLink    My Grandma - Bonnie&nbsp; urlLink   
      
</post>

<date>21,June,2004</date>
<post>

    
       
      I am going to take a taste test today at 2:30.  I get paid twenty dollars for it.  Hey, I would take a taste test even if I didn't get paid for it.  I love tasting.  Helpful advice from my grandma when I told her about the test:  "take big bites Annie, then you won't need dinner."  That's why I love her!
      
</post>

<date>21,June,2004</date>
<post>

    
       
      We went out for a hike on Saturday and ended up climbing rocks!  Also, we went canoeing and saw two beavers.  I think canoeing is one of my favorite outdoor things to do.  I like laying in the bottom and sleeping.  
      
</post>

<date>02,July,2004</date>
<post>

    
       
       urlLink    These are the apples I told you about a long time ago.  Yes, I saved them.  Now that I have taken a picture I am going to finally throw them away.&nbsp; urlLink   
      
</post>

<date>01,July,2004</date>
<post>

    
       
      A man attempted to rob a bank, but wasn't able to get past the front door. Due to a previous holdup, the bank had installed a system to buzz in customers. Suspicious employees refused to unlock the door since the man was wearing a stocking over his face...
      
</post>

<date>30,June,2004</date>
<post>

    
       
       urlLink    This is the reason I am up at 3:23 am.  I ordered decaf and I just hate it when this happens.  I'm finding that I can be surprisingly efficient early in the morning.  &nbsp; urlLink   
      
</post>

<date>30,June,2004</date>
<post>

    
       
      We sold our car.  It wasn't as painful as I thought it was going to be, especially when we started to decide which kind of digital camera we were going to buy with the money.  We chose one and so far we love it.  Paul figured out how to work it in two minutes. Below are some pictures of out first day with our camera.  We had fun playing around with it.  I am really excited to be able to share more of our life through our blog.  I know my family especially enjoys reading it and many of our friends as well.  
      
</post>

<date>29,June,2004</date>
<post>

    
       
       urlLink    The fun begins&nbsp; urlLink   
      
</post>

<date>29,June,2004</date>
<post>

    
       
       urlLink    Paul speed reading the manual for our camera.  Isn't he amazing?&nbsp; urlLink   
      
</post>

<date>29,June,2004</date>
<post>

    
       
       urlLink    Paul is overjoyed that we have a new camera.&nbsp; urlLink   
      
</post>

<date>29,June,2004</date>
<post>

    
       
       urlLink    My favorite Portland fountain&nbsp; urlLink   
      
</post>

<date>29,June,2004</date>
<post>

    
       
       urlLink    The Rose Garden&nbsp; urlLink   
      
</post>

<date>29,June,2004</date>
<post>

    
       
      Bon Voyage to my parents, who this summer are fulfilling a dream of going on a cruise to Alaska!  I can just see them waving from the deck of a ship.
      
</post>

<date>29,June,2004</date>
<post>

    
       
      We have a car to sell!  Anyone need a car with high milage that overheats in the summer sometimes?  It's a steal at 800$.  The other day I was cleaning out the car and became very emotional as memories of first date, first kiss, honeymoon and vacations came flooding back to me.  I can asure you that as the sold car drives away from our house there will be tears in my eyes.  I have to remind myself that a sold car means a new digital camera for me and my little blog!
      
</post>

<date>09,July,2004</date>
<post>

    
       
      We love our church here in Portland, Mosaic (we don't yet have a website or I would link you), but this weekend decided to visit a church in Seattle named  urlLink Mars Hill .  We absolutely loved it.  It's so refreshing to see churches doing church differently all over the world.
      
</post>

<date>08,July,2004</date>
<post>

    
       
      Beans&nbsp; urlLink     urlLink   
      
</post>

<date>07,July,2004</date>
<post>

    
       
      Romaine Lettuce&nbsp; urlLink     urlLink   
      
</post>

<date>07,July,2004</date>
<post>

    
       
      Lettuce&nbsp; urlLink     urlLink   
      
</post>

<date>07,July,2004</date>
<post>

    
       
      Our Garden&nbsp; urlLink     urlLink   
      
</post>

<date>07,July,2004</date>
<post>

    
       
      The Emerald City (from Alki Beach)&nbsp; urlLink     urlLink   
      
</post>

<date>06,July,2004</date>
<post>

    
       
      My favorite place to eat in Seattle&nbsp; urlLink     urlLink   
      
</post>

<date>06,July,2004</date>
<post>

    
       
      At the Ballard Locks&nbsp; urlLink     urlLink   
      
</post>

<date>06,July,2004</date>
<post>

    
       
      Our Seattlite friends Sarah and Paul&nbsp; urlLink     urlLink   
      
</post>

<date>06,July,2004</date>
<post>

    
       
      On the sailboat before watching the fireworks from Elliot Bay&nbsp; urlLink     urlLink   
      
</post>

<date>06,July,2004</date>
<post>

    
       
      Here are some of the pictures from Seattle.  You can tell we new digital camera owners because we take sooooo many pictures.  I will post more tomorrow.
      
</post>

<date>06,July,2004</date>
<post>

    
       
      Happy Independence Day!!!  We were in Seattle for the weekend and had TONS of good times with my best friend Sarah and her fiance Paul.  I have pictures but the software I use to put them on the blog is not working so you'll have to wait until tomorrow to see them.  
      
</post>

<date>17,July,2004</date>
<post>

    
       
      This morning Paul woke me up at 6am (do you know that it's Saturday?).  Why?  To go to the REI garage sale.  It was worth it!  We were about 20th in line and scored some hiking boots, chacos, a backpack and some climbing shoes all for ridiculously low prices.  We've decided to make it an annual event.  We've been before but never gotten up so early.  And yes, in case you are wondering, Dave Duff was about third in line!  He always beats us. &nbsp; urlLink     urlLink   
      
</post>

<date>16,July,2004</date>
<post>

    
       
      My brother Dan is on a student ministry team that this summer goes around to different camps and helps out with counseling, etc.  Someone told me about this picture of Dan on Mt. Gilead's website.  If you knew my brother, you would think this was hilarious.  Talk about getting out of your comfort zone!  WE LOVE YOU DAN!!!&nbsp; urlLink     urlLink   
      
</post>

<date>16,July,2004</date>
<post>

    
       
      One time, when I was young, my brother and I were in the same Sunday School class.&nbsp; It was a small church.&nbsp; The Sunday School teacher (bless her heart) asked us the inevitable question about what had been going on in our lives.&nbsp;  My brother liked to tell stories.&nbsp; Mostly ones that weren't true.&nbsp; So while him and I were there in front of everyone he made up a story about how his family had gone to Hawaii that week on Alaska Airlines.&nbsp; Being young and innocent I first thought, "wait a minute, did I miss something..."&nbsp; Then I thought, "is he really stupid enough to let me catch him lying so I can tell on him".&nbsp; As much as my brother liked to lie, I liked to tattle.&nbsp;  Then I realized, " It's fun to lie!"&nbsp;  I felt a camaraderie with him, and even thought about helping him out.&nbsp; Even as an adult, I sometimes wonder whether I could make up stories and get away with it.&nbsp; The thought crossed my mind earlier today.&nbsp; "What if I started a blog that only contained made up stories by me?"&nbsp; The thought was electrifying!&nbsp; This is what is so beautiful about blogging.&nbsp; &nbsp; P.S. I mean lying in the most non-harmful&nbsp;way :)  
      
</post>

<date>12,July,2004</date>
<post>

    
       
      Titles of some kindergartener-made&nbsp;books: &nbsp; Shrek's Birthday Cake The Snow Wolf that Could The Mean Fairy and the Theater that got Bombed Adventure The Freaking Out Scared Dragon Mean Butterfly and Scary Mad Tree &nbsp; 
      
</post>

<date>12,July,2004</date>
<post>

    
       
      Kara and Annie picking blueberries on Sauvie Island&nbsp; urlLink     urlLink   
      
</post>

<date>12,July,2004</date>
<post>

    
       
      Marionberries&nbsp; urlLink     urlLink   
      
</post>

<date>24,July,2004</date>
<post>

    
       
      We arrived back to our apartment in Portland today just in time to miss the 100 degree weather plauging our fair town.&nbsp; We had been camping&nbsp; with my grandparents at Pacific Beach in Washington. The highlight of the trip for me was seeing two black bear cubs walk across the road in front of our truck.&nbsp; It was the first time I had ever, ever seen a bear.&nbsp; Paul saw the mother bear, but my eyes happened to be closed at the time.&nbsp; I so wish we had gotten a picture - because they were CUTE.&nbsp; Here are some pictures we did take:  
      
</post>

<date>20,July,2004</date>
<post>

    
       
      Our campsite (in case you were wondering, we own the tent not the trailer)&nbsp; urlLink     urlLink   
      
</post>

<date>20,July,2004</date>
<post>

    
       
      Playing cribbage&nbsp; urlLink     urlLink   
      
</post>

<date>20,July,2004</date>
<post>

    
       
      Pacific Beach, Washington&nbsp; urlLink     urlLink   
      
</post>

<date>20,July,2004</date>
<post>

    
       
      All true washingtonians swim in the ocean no matter what the temperature.  My husband Paul grew up being spoiled by the sandy white beaches and 70 degree water of Costa Rica.  What a pansy!&nbsp; urlLink     urlLink   
      
</post>

<date>20,July,2004</date>
<post>

    
       
      A couple days ago I was at a baby shower for my nephew, Wes, and I saw some really neat ladies that I grew up with in church.&nbsp; A conversation that we had went like this:  Annie, are you getting taller?  No, I haven't grown in quite a while (I'm 26).  Well you must be getting skinnier then.  I think these ladies see me as a perpetual teenager.&nbsp; I will never grow up in thier eyes.&nbsp; Even when I have grandchildren I will still be just a kid to them.&nbsp;  
      
</post>

<date>19,July,2004</date>
<post>

    
       
      Here are some pictures from Paul's hiking trip to Mount Jefferson this week.  He went with some other guys from our church, Mosaic.&nbsp; urlLink     urlLink   
      
</post>

<date>19,July,2004</date>
<post>

    
       
      Brandon and Paul &nbsp; urlLink     urlLink   
      
</post>

<date>19,July,2004</date>
<post>

    
       
      Paul and Randy - getting ready to start up the trail.&nbsp; urlLink     urlLink   
      
</post>

<date>19,July,2004</date>
<post>

    
       
      Paul / Mt. Jefferson&nbsp; urlLink     urlLink   
      
</post>

<date>19,July,2004</date>
<post>

    
       
      Sand in the City&nbsp; urlLink     urlLink   
      
</post>

<date>19,July,2004</date>
<post>

    
       
      Sand in the City&nbsp; urlLink     urlLink   
      
</post>

<date>30,July,2004</date>
<post>

    
       
      Our pet birds&nbsp; urlLink     urlLink   
      
</post>

<date>28,July,2004</date>
<post>

    
       
      so friendly&nbsp; urlLink     urlLink   
      
</post>

<date>28,July,2004</date>
<post>

    
       
      It's our aniversary today!  Three years.&nbsp; urlLink     urlLink   
      
</post>

<date>01,August,2004</date>
<post>

    
       
      portion of an email from a friend:   "Have you noticed that people who have gardens turn into stalkers during the summer? Mystery sacks of produce show up on our doorstep all the time. I have my own garden and can't possible eat all the stuff that is ready, so I force it on people who don't want it too. It is a vicious cycle. Hope you are enjoying the summer bounty!"  my reply:  "Yes, I have experienced the summer garden stalkers, and have been one of them myself.  I sent a bag of lettuce with Paul to work one day and told him not to come back with a single leaf!  Our tomatoes are about to come on, and I am afraid that in force they will be extremely dangerous.  I may end up tossing them at passers by and then running away." 
      
</post>


</Blog>