<Blog>

<date>25,July,2004</date>
<post>

    
       
      (This title is gay..but hmm can u think of nething better?) Ya I kno u can, shut up...  I cant WAIT to try out for FH... and I hope i make it cause i just gotta new $$$1oo$$$ dollar stick! hehe And in case you didn't get the message: new sn :: FHXCgirl2009, but i'm betting all of you got it...( I think i got the point across now didn't I?) Well, Maine was as usual not much to do weekend...ugh...and of course WE HAVE 2 go every SINGLE weekend!! Because, even if the weather is bad "it's till 'relaxing' " Quote on quote mom. I spent my nights swimming in the pool and listening to the band, and listening to the neighbor's POLICE radio...its reallllyyy cool cause u can listen to whats going on around the town, on the ocean, and in the airplanes, like they have the Coastguard, the Police, the Ambulances, firetrucks, and the army plane things so its cool cause u could hear like who was hurt and accidents and such! Its really fun, and I want one really bad, but its like $$$200$$$...YiKes!  &nbsp; Sooo we were driving home and this traffic was sllow and it was just on a side road n we were like wat the f? There was a frikin CLYDSEDALE running along side of the road with a guy and a girl and i was like why the heck would that be happening? But me n my mom were like IDK! haha  &nbsp; ...When you smile, I melt inside...  &nbsp; -::-Sam-::- 
      
</post>

<date>22,July,2004</date>
<post>

    
       
      Well I started off my day with an Orthodontist's appt...great! :/ I have to wait another 3 months to get them off...(thats IF I wear my elastics right) hmm...tehe! Moving on to the next activity, Field Hockey camp, man tomorrow is the last day, and im really sad! This has been a blast this whole week!! We just worked on shuttles and weaves and stuff, then watched the bigger kids do a scrimmage and basically sat in the shade and talked about the game in general 'cause it was unbelievably  hot ... I thought I was gonna die!! Then the Rimol's dropped me off @ home..(felt good!) Then I ended up going over Jessi's house...we ate lunch and I watched her blow a kiss to her Orlando Bloom poster before we left for the pool..LoL! The pool was soo fun theres a big curly waterslide and a high diving board and then they dropped me off here! Jessi let me borrow the JoJo CD, so I loaded the whole things onto iTunes and now I just hhaavvee to buy it! hehe Happy Birthday mommy!!!  Mwaa! :-*  &nbsp; .:::*sam*:::.  &nbsp;  ...he told me he loved me, he called me his breezy...   ~JoJo  
      
</post>

<date>21,July,2004</date>
<post>

    
       
      I didnt blog yesterday...why? 'Cause i was being a lazy bum! (te he) Right now im just chattin to erica,&nbsp;lauren,&nbsp;marci&nbsp;n katie...look @ this crazy girl!     xohoney369ox:   dude...my dog ran down the stairs and just randomly licked my leg then ran back up again   HAHAH oh katie ily soo much! N erica...man i hope u feel betta don't worry about it! Marci-we love Otie!!   Neways...i just got done shopping online at mark..heres the link!  urlLink http://www.meetmark.com   ^some cooli makeup there babes!^ My mommy said that it might be easier to just get a catalog instead of ordering online, so im just gonna listen to her! teehee. Well, this morning i went to take the puppy dog to the groomers then i went to the doctors to get 1 shot out of the 3 i have to get! eekkk well theyre not really that bad so i dont kno why im so woorked up but hey haha! Then I went to Field Hockey camp and it felt like friggin 100 ° out cause we were running and stuff but it was still a blast! My big sis and her oh-so-cool friend Tamra left this morning, yesterday was sooo fun because we went to like all the stores (abercrombie especially) trying on all the 100 dollar skirts that me n my sis wish we could afford to buy (tamra could, she just slapped that dough right out on the counter haha) but ya it was fun! I got lots of shirts from Aeropostale and some stuff from Pacific Sunwear (me and Katie's fave store!!!) haha ya right i like all of them but hehe w/e...That was basically my day so right now I'm just ChiLLen @ da HoLidAe In...kidding! :)&nbsp;  Tomorrows my mom's birthday!!!!!!!!  OMG i gotta wrap her present! hehe    ...put your faith in what you most believe in...     &nbsp;   ~*Sam*~    
      
</post>

<date>20,July,2004</date>
<post>

    
       
         Survey ...from  Erica...which came from Rachel's blog!  :D     What is your full name:: Samantha Jane Dargie    Spell your first name backwards:: ahtnamas (odd huh? I think its like greek mythology-ish! haha)    Date of birth:: March 21st, 1991    Male or female:: female    Astrological sign:: Aries    Nicknames:: Sam, Sami, Spam,( 2 scuba haha!), Mantha...w/e floats ur boat    Occupation:: uh, school, thank god its summer!    Height:: 5'1"Hair color:: Light brown w/ blonde highlights    Eye color:: Brown    Where were you born:: Hanover, New Hampster...haha    Where do you reside now:: Londonderry, NH    Age:: 13    Screen names::CCsami91...i have more but i dont use them    What does your screen name stand for:: Well CC stands for cross country, my sport, and sami is obviously duh my name, and 91 is the birth year.    Pets:: dog-Ivy    Number of candles you blew out on your last birthday cake:: 13    Piercings:: Ears but i want my belly button done!    Tattoo's:: None    Shoe size:: 8-8 1/2    Righty or lefty:: righty    Wearing:: HAHA im still wearing my shin guards from field hockey, my aeropostale shirt and baby blue terry cloth shorts    Hearing:: Crying Shoulder-GooGoo Dolls- love that song!    Feeling:: YAY! My sis is coming!!      Eating/drinking:: I just had a turkey, lettuce, and cheese sandwich in pita bread with carrots in ranch dip w/ ranch dip! Yum :)  Favorites    &nbsp;Color:: Light pink, baby blue, yellow...    Food:: err...i dunno...GRILLED CHICKEN!    Song:: Crying Shoulder-GooGoo Dolls    Show:: FULL HOUSE!! (gotta agree with Erica here!)    School subject:: English, i'm so good at it;)    Animal:: horse, pig, dog, giraffe    Radio station:: 94.5 or KISS 108    Movie:: POTC, Mean Girls, Seabiscuit, Finding Nemo    Pair of shoes:: err my white strappy corky bottom- platform sandals    Cartoon:: Spongebob all the way man    Potato chip:: Err i dont really like them but...salt and vineager    Drink:: Water, milk, NETHING from Gloria Jeans or Starbucks, and grapefrut juice    Soda:: eWWWW i hate soda like out of this world hate :P plah    Holiday:: Hello, Christmas...i love the whole wintery, bonfire, skating, SKIING OH MAN YEAH LOON ERICA HAHA snowy happy feeling!    Pizza topping:: cheese, or pepperoni and mushrooms    Jello flavors::: gross    Lunch meat:: turkey    Card Game:: BS and Spit    Video game:: Mario Kart!!    Computer game:: SIMS    Cereal:: Lucky Charms    Dessert:: Either strawberry shortcake or cheesecake (there goes my thighs haha)    Clothing store:: Weathervane :(, Aeropostale, AE    Carnival game/ride:: Hmmm...    Candy bar:: umm...Snickers    Magazine:: GL, Seventeen, YM    Salad dressing:: caesar and french    Thing to do on the weekend::&nbsp; friends, mall movies, beach, yeah alot of stuff to do!    Hot drink:: Coffee and peppermint tea    Season:: WINTER ALL THE WAY DUDE    Sport to watch:: Baseball i guess...    loser/wannabe:: Ok then...    Doughnuts/bagels:: Bagels    Day/night:: Day    Heaven/hell:: Heaven    Make love/have sex:: uhhh, i dont really care    Coffee/tea:: Both..mygod how can u choose    Hamburgers/hotdogs:: I try not to eat that stuff...just chicken is the only meat    Rap/rock:: umm i like both    Britney/Christina:: Neither    Swiss cheese/american cheese:: american    Real World/Road Rules:: Real World    Backstreet Boys/*Nsync:: neither!!!    Silver/gold:: silver    Nike/Adidas:: Adidas    McDonalds/Taco Bell:: Can u say NASTY?    Sweet/sour:: sweet    Hot/cold:: WARM! muhaha    Winter/summer:: Winter!!    WinterSpring/fall:: Fall    Operas/plays:: plays    Read/watch tv:: Both    Cd's/tapes:: CD's    Dvd's/vhs:: DVD    Old/new:: Depends..err...idk    Shorts/skirts:: skirts    Pink/red:: PiNk    Colored pictures/black and white photos:: colored... Unless the black and white ones were taken by a good photographer    Meat/vegetables:: I would say vegetables    Mexican food/chinese food:: Mexican    Commercials/infomercials:: Both suck    Bikinis/one piece bathing suits:: Bikinis...ohhh yes    Sandals/tennis shoes:: both.    Dogs/cats:: Dogs, but kittens are cute    Water/land:: water...come on im on the swim team...    Sugar/spice:: sugar    Black/white:: not black, black is goth! WHITE...go white    Chicken/beef:: chicken    Colored christmas lights/regular white christmas lights:: white    Cars/trucks:: cars or trucks depends    Austin Powers/James Bond:: Austin...I DETEST JAMES BOND EWWWW    Popcorn/pretzels:: popcorn    Picture frames/photo albums:: both      Pens/pencils:: mechanical colory pencils!     Randomness    Name three things that are next to your computer:: A rose, my glitter eyeshadow, and my portable dvd player    Do you have any hidden talents:: hidden? what? I dunno    Do you wish MTV would play music videos:: Dont really care    Do you play any sports:: Field Hockey, XC, wanna ride horses...:( help me    Do you drive:: No:(    What is your dream car:: Silver lexus convertable...but i cant really dream bout it cause i already have my car for me when i turn 16...our RED MUSTANG CONVERTABLE...Yess all mine baby    Would you ever sky dive:: R U KIDDING ME NOOOO    &nbsp;How many rooms do you have in your house:: uhh...11 im pretty sure    Are you afraid of roller coasters:: hahahahaha!!! no.    Do you believe in God:: yes...but dont go to church    Do you believe there is a heaven:: yes..    Do you believe there is a hell:: umm im not really sure..nah    &nbsp;Do you own a pool table:: Nahh    Do you have a pool:: NO BOOHOO    Do you have a dishwasher in your kitchen:: Yeah, who doesnt these days?    Do you like chocolate:: YES! haha    Who/what is on your 2004 calendar:: Spongebob Squarepants    How many U.S. states have you been to:: uhh...11! there we go    Who is the last person to e-mail you:: MeLaNie..grrr    Who is the last person to IM you:: Kimberly Buttafuoco!    Are you a deep sleeper::Yep    Are you a good story teller:: Idk    Do you like to burn candles or incense:: both! hehe but my room is full of candles    Do you have your own credit card:: WHO NEEDS ONE?    Let's say you win the lotto. What do you do with all that money?:: Clothes, cars, and a MAC laptop...a huge beach house and i would redo my room all cooli!    Do you like your drivers license:: STOP INTAGINIZING ME! I DO NOT DRIVE!    Do you tan easily:: Sure    Worst feeling in the world?:: When you r really sad and ur heart sinks    Best feeling in the world:: Being loved    Is the glass half empty or half full:: Full    Last thing you downloaded:: Piolet    Do you catch yourself using online terms in your real life?:: yeah haha    What do you think people think of you:: don't know, maybe I dont wanna?    Do you need therapy:: Nooooo    Do you take medication for a chemical imbalance:: nope    Do you love your bf/gf:: I dont have one, but right now I dont care!!!! :):):)     &nbsp;     
      
</post>

<date>19,July,2004</date>
<post>

    
       
         .::Field hockey camp::.    Monday thru Friday...8:00 AM to 11:00 AM!!! yay! :)    I loooove field hockey camp...jeez Erica u should have gone...ur goin out for the team right? AnYwaYz...(whoops, anyway...(anyways isnt proper english says Melanie!) Yea so at Field Hockey camp its soo fun right and the coaches r hilarous omg they make u laugh all the time and it throws off my concentration! hahaha so yeah after camp i basically just hung around the house cleaning and stuff since my sister is coming down tomorrow from Vermont! Hip hip hoo~ray! LOL I'm goin to the movies tonight with Kaily...I havnt seen this biatch for ages man! Aww baby! ;-) This was a short one...Now I have to go shower I have got my work all done and nowz tonight for a party! Yay! Catch y'all lataz    Peace.     &nbsp;   ((~*Sam*~))     &nbsp;    ...And through it all he offers me protection, alot of love and affection, whether im right or wrong, im loving angels instead...         
      
</post>

<date>18,July,2004</date>
<post>

    
       
         Well, i havn't written in hmm i think its 3 days...well thats cause i was in boring Maine and blah blah blah blah blah...good news...KAILEENS HOME!  yay! &nbsp; Shes been gone like all summer and i miss her! Well here are some highlights of the Maine trip!        Shopping. (I bought a sticker thingey that was 4 FREAKIN DOLLARS (its erica's fish but its pink instead so ha 2 u erica! A necklace, and the book Seabiscuit. (its really good, if u get a chance you should read it.)    Old Orchard (always fun, cotton candy, rides, the pier.)    Riding the trolley!!!! :-)    Going out to dinner @ all the expensive seafood places      What else... THE BEACH!        And I think that's about it! I just got back from the neighbor's and I think I'm gonna go on a bike ride with Lindsay a little later... Im starving and i need some food!      ...Everything went from wrong to right, and the stars came out and filled up the sky, the music you were playin' really blew my mind, it was love @ first sight...        &nbsp;   >>** Sam **    
      
</post>

<date>16,July,2004</date>
<post>

    
       
         Well this is gonna be long one!!    I didnt' blog yesterday...(sorry!) I was over Kait's the whole afternoon  and  sleptover...but it was a nice lil catch-up cause i havent seen her in a loong time! So I got there and we practiced field hockey for about an hour, and boy oh boy were we  WHACKING  that freakin ball! Shes a great player, I'm sure she'll make the team.&nbsp; She's going into sixth grade, so the team will have a good sixth grader for them!&nbsp; Then, we bounced on the trampoline and i took off my sox, and i just realized that i left them there haha! NewaYz... We played a trick on her mom, we put this lil rubber spider on her toilet seat! and in the process, the spider fell in the toilet and it like sank...i almost peed my pants!!!!!!!!!!!!!! :-) we used the toilet scrubber to get it out...god it was&nbsp; hilarous...so we were in her room and her mom opended the toilet seat and she almost sat on it and screamed oh u all should have been there it was hilarous!&nbsp; Then we went to her lil bros baseball game @ LAFA...n i saw Cristy there!&nbsp;&nbsp; iwass so happy to see u hun! Well yep that's the main highlights of yesterday!     &nbsp;   Today...well not much to say..I woke up @ the RIMOL residence at 9:45..and we played GameCube and made brownies...then they dropped me off @ my house and here I AM! (I fixed the time on the postings, ur welcome!) and I STILL Need help from Katie or Jenna, who ever...thanks erica for teaching me some more...but i still need a barn! cuz SBF if fancy pantsy...own a horse! IDONT THINIK SO HAHAHA     &nbsp;    ...look for the girl with a broken smile, ask her if she wants to stay awhile...      &nbsp;        
      
</post>

<date>14,July,2004</date>
<post>

    
       
       Ya know what i really don't get? People sign on at 1:30 in the afternoon and say ITS BREAKFAST TIME! I mean come on people! Do you really have to sleep in that late? Look @ Katie...she just woke up right now (1:30) and shes eating breakfast, when is she gonna eat lunch? Dinner time? haha that stuff just makes me laugh cause why can't you just wake up at a normal time? But anyway, I would like to thank Amber for helping me with the whole Britni thing-besides i started that from standing up for you!!!  I'm really bored right now and yay! The  -::-sun-::-  is coming out!!!! Today is just another boring day of summer...and by the way WHEN IN THE HECK R WE GETTING OUR TEAM LETTERS? I really don't wanna wait nelonger, especially with the whole clothes/school supply bac-2-school shopping to do!! YAY! And I need some help from neone who rides *mm JENNA, KATIE?* (probably not all u SBF ppl *cough kaitlyn and erica* cuz u most likely don't know much about Londonderry barns! BAHAHHAAHHA muahahah but ilu guys too!) Hoped u liked all the quizzes from the  PrEviOus  entery...those r really fun 2 do when your bored...but im not so thrilled i came out as DORY! haha jk il dory but man what is that telling me?? That im a dumbo like her? haha shes really cool but i was hoping to be a lil smarter than that!!!!!!!!!!!!!!!! But w/e what do those quizzes know? Not much i tell ya!   -::- Sam -::-        If at first you don't succed, pick your self up and try again.:-)      Take a seat, take your life, plot it out in black and white       *Something's better on the other side*  
      
</post>

<date>13,July,2004</date>
<post>

    
       
       Yay! Lots of quizzzing today...the IQ test is soo fun! I have an IQ of 109! hmm i dont really know if thats good or bad! haha if you know, let me know!         urlLink    What Finding Nemo Character are You?    brought to you by  urlLink Quizilla           Raver Bear     urlLink  Which Dysfunctional Care Bear Are You?    brought to you by  urlLink Quizilla         My inner child is six years old!     Look what I can do! I can walk, I can run, I can read! I like to do stuff, and there's a whole big world out there to do it in. Just so long as I can take my blankie and my Mommy and my three best friends with me, of course.     urlLink  How Old is Your Inner Child?    brought to you by  urlLink Quizilla         You gotta believe, there's a reason we're here    -::-  Sam  -::-  
      
</post>

<date>13,July,2004</date>
<post>

    
       
       Well hey yea babysitting was great...haha jp!  No really they're great kids...most of the time!! haha no really they r! Well heres the skinny on them...Billy is going into first grade..and Maddie is going into Preschool...god i love them to pieces they r soooo adorable! Well so i was making them sandwiches for lunch and Maddie was like brrr im cold and i said why? and shes like the pool is making me cold and im thinking what the heck? the pool is outside far away from us in the kitchen how in the world can the pool be making you cold? I guess kids have theyre reasons! haha oh yeah and then maddie farted like really loud and i started laughing and she goes " I make funny noises." aww baby it was funny i guess u had 2 be there hahaha well i really dont know what else to say except oh yeahhh im dumpin tyler cuz hes a freak and yep i like bein single and i dont even liike him so THERE! haha well catch ya all later on the flip side ( or sould i say *south side* haha if u dont get it read the stuff below haha*)    3      'Tell yur daddy stop his hatin'  Wearin braids and jerseys daily  Dont mean i'm thuggin no'    Love you all   .::::Sam::::.      faith can be broken, yeah hands can be bound  so open your hearts, and fill up the emptiness   
      
</post>

<date>13,July,2004</date>
<post>

    
       
        Hello people.  Once again, I had to make a  NEW  blogger!!! plahhh! I forgot the password, and my email wasn't working so I was like screw this S! neways, it's the morning and I'm just about to go babysitting-Joy! ;-) This has been the suckiest summer yet I have to admit, the only things I have done was Canobie, Maine, Softball Camp, and Feild Hockey Camp (coming up soon.) I really really wanted to do FH but I can't cause its the same season as XC and lordie I wont miss out on XC!!! (Even tho i sucked last year haha.)  Nothing else to say right now...I will 'blog' *lol that sounds funni* after I get home!  P.S.-All the times are wrong on the thing on the bottom where it says POSTED AT: this one says like 6 something but its realy 9 something! So if I dont fix it, just remember that its 3 hours  before  the actual time! OK! :-)         "On the way down, i saw you  and you saved me from my self.  And i won't forget the way you loved me.  On the way down i almost fell right through  But i held on to You.'   .::: Sam :::.      
      
</post>


</Blog>